{
  "particles": {
    "number": {
      "value": 100,
      "density": {
        "enable": true,
        "value_area": 800
      }
    },
    "color": { "value": "#ffffff" },
    "shape": {
      "type": "circle",
      "stroke": { "width": 0, "color": "#000000" }
    },
    "opacity": {
      "value": 0.5,
      "random": false,
      "anim": { "enable": false }
    },
    "size": {
      "value": 3,
      "random": true,
      "anim": { "enable": false }
    },
    "line_linked": {
      "enable": true,
      "distance": 150,
      "color": "#ffffff",
      "opacity": 0.4,
      "width": 1
    },
    "move": {
      "enable": true,
      "speed": 3,
      "direction": "none",
      "out_mode": "out"
    }
  },
  "interactivity": {
    "detect_on": "canvas",
    "events": {
      "onhover": { "enable": true, "mode": "grab" },
      "onclick": { "enable": true, "mode": "push" },
      "resize": true
    },
    "modes": {
      "grab": { "distance": 140, "line_linked": { "opacity": 1 } },
      "bubble": { "distance": 400, "size": 40, "duration": 2, "opacity": 8 },
      "repulse": { "distance": 200 },
      "push": { "particles_nb": 4 },
      "remove": { "particles_nb": 2 }
    }
  },
  "retina_detect": true
}
